URL,Último rastreo
https://www.amadolibros.com/categoria-producto/libros-revistas-y-comics/page/261/?add-to-cart=115745,2026-06-04
https://www.amadolibros.com/categoria-producto/libros-revistas-y-comics/page/144/?add-to-cart=140186&layout=list,2026-06-03
https://www.amadolibros.com/page/94/?add-to-cart=156903,2026-05-22
https://www.amadolibros.com/page/3/?add-to-cart=151611,2026-05-14
https://www.amadolibros.com/page/156/?add-to-cart=154511,2026-05-12
https://www.amadolibros.com/page/88/?add-to-cart=153904,2026-04-29
https://www.amadolibros.com/libro/MLU699916310/juego-educativo-que-hora-es-barbo-toys-23-piezas-espanol-3-6,2026-04-14
https://www.amadolibros.com/?book=MLU651601362,2026-04-14
https://www.amadolibros.com/?book=MLU636004986,2026-04-14
https://www.amadolibros.com/?book=MLU912880248,2026-04-14
